{"cameraMode":{"drawMode":0,"name":"Shaded","section":"Shading Mode"},"sceneLighting":true,"audioPlay":false,"sceneViewState":{"showFog":true,"showMaterialUpdate":false,"showSkybox":true,"showFlares":true,"showImageEffects":true,"showParticleSystems":true},"in2DMode":false,"pivot":{"x":-50.23032760620117,"y":-8.665496826171875,"z":-42.00651931762695},"rotation":{"x":0.27144473791122439,"y":-0.7261446714401245,"z":0.4828508496284485,"w":0.4082554578781128},"size":155.32232666015626,"orthographic":false}