{"cameraMode":{"drawMode":0,"name":"Shaded","section":"Shading Mode"},"sceneLighting":false,"audioPlay":false,"sceneViewState":{"showFog":true,"showMaterialUpdate":false,"showSkybox":false,"showFlares":true,"showImageEffects":true,"showParticleSystems":true},"in2DMode":false,"pivot":{"x":-13.5,"y":3.3749914169311525,"z":-4.500001907348633},"rotation":{"x":0.21561947464942933,"y":0.022404814139008523,"z":0.0018111268291249872,"w":-0.976753830909729},"size":7.108913421630859,"orthographic":false}