{"cameraMode":{"drawMode":0,"name":"Shaded","section":"Shading Mode"},"sceneLighting":true,"audioPlay":false,"sceneViewState":{"showFog":true,"showMaterialUpdate":false,"showSkybox":true,"showFlares":true,"showImageEffects":true,"showParticleSystems":true},"in2DMode":false,"pivot":{"x":-2.0867621898651125,"y":-0.17757803201675416,"z":-4.267348289489746},"rotation":{"x":-0.17876985669136048,"y":0.4420965015888214,"z":-0.08965817838907242,"w":-0.8746246099472046},"size":5.425775527954102,"orthographic":false}