{"cameraMode":{"drawMode":0,"name":"Shaded","section":"Shading Mode"},"sceneLighting":false,"audioPlay":false,"sceneViewState":{"showFog":true,"showMaterialUpdate":false,"showSkybox":false,"showFlares":true,"showImageEffects":true,"showParticleSystems":true},"in2DMode":false,"pivot":{"x":-1.0450010299682618,"y":1.749538779258728,"z":-0.2860000431537628},"rotation":{"x":-0.2698468565940857,"y":0.029479624703526498,"z":-0.0077989292331039909,"w":-0.9625839591026306},"size":7.375142574310303,"orthographic":false}