{"cameraMode":{"drawMode":0,"name":"Shaded","section":"Shading Mode"},"sceneLighting":false,"audioPlay":false,"sceneViewState":{"showFog":true,"showMaterialUpdate":false,"showSkybox":false,"showFlares":true,"showImageEffects":true,"showParticleSystems":true},"in2DMode":false,"pivot":{"x":0.5530446171760559,"y":1.1197850704193116,"z":0.06432698667049408},"rotation":{"x":-0.023897264152765275,"y":-0.76851886510849,"z":0.023455722257494928,"w":-0.6398781538009644},"size":3.258920192718506,"orthographic":false}