{"cameraMode":{"drawMode":0,"name":"Shaded","section":"Shading Mode"},"sceneLighting":false,"audioPlay":false,"sceneViewState":{"showFog":true,"showMaterialUpdate":false,"showSkybox":false,"showFlares":true,"showImageEffects":true,"showParticleSystems":true},"in2DMode":false,"pivot":{"x":2.1552305221557619,"y":0.9397704601287842,"z":-0.0033953115344047548},"rotation":{"x":-0.1599038690328598,"y":0.45329749584198,"z":-0.08781944215297699,"w":-0.8731738328933716},"size":3.0313751697540285,"orthographic":false}