{"cameraMode":{"drawMode":0,"name":"Shaded","section":"Shading Mode"},"sceneLighting":true,"audioPlay":false,"sceneViewState":{"showFog":true,"showMaterialUpdate":false,"showSkybox":true,"showFlares":true,"showImageEffects":true,"showParticleSystems":true},"in2DMode":false,"pivot":{"x":-29.6101131439209,"y":-9.501312255859375,"z":-61.506561279296878},"rotation":{"x":0.020252138376235963,"y":-0.9707154035568237,"z":0.11696351319551468,"w":0.21181972324848176},"size":79.96617889404297,"orthographic":false}