{"cameraMode":{"drawMode":0,"name":"Shaded","section":"Shading Mode"},"sceneLighting":false,"audioPlay":false,"sceneViewState":{"showFog":true,"showMaterialUpdate":false,"showSkybox":false,"showFlares":true,"showImageEffects":true,"showParticleSystems":true},"in2DMode":false,"pivot":{"x":-0.21438434720039369,"y":0.5405418872833252,"z":0.10748732089996338},"rotation":{"x":-0.001277515315450728,"y":0.8435249924659729,"z":0.0077254194766283039,"w":0.5381198525428772},"size":4.156461715698242,"orthographic":false}