{"cameraMode":{"drawMode":0,"name":"Shaded","section":"Shading Mode"},"sceneLighting":false,"audioPlay":false,"sceneViewState":{"showFog":true,"showMaterialUpdate":false,"showSkybox":false,"showFlares":true,"showImageEffects":true,"showParticleSystems":true},"in2DMode":false,"pivot":{"x":1.5695724487304688,"y":0.56202232837677,"z":0.2289644479751587},"rotation":{"x":0.02091081440448761,"y":0.9495924711227417,"z":-0.05345454812049866,"w":0.31010136008262637},"size":2.4515624046325685,"orthographic":false}