{"cameraMode":{"drawMode":0,"name":"Shaded","section":"Shading Mode"},"sceneLighting":true,"audioPlay":false,"sceneViewState":{"showFog":true,"showMaterialUpdate":false,"showSkybox":true,"showFlares":true,"showImageEffects":true,"showParticleSystems":true},"in2DMode":false,"pivot":{"x":-25.679134368896486,"y":13.103294372558594,"z":-23.355018615722658},"rotation":{"x":0.0022273489739745857,"y":0.9949675798416138,"z":-0.09762940555810929,"w":0.022690096870064737},"size":79.46145629882813,"orthographic":false}